{
  "train_loss": [
    0.2932247695437184,
    0.07702860799321422,
    0.05521537954608599,
    0.04659342542677014,
    0.03932549349715312
  ],
  "train_accuracy": [
    0.9100185185185186,
    0.9768888888888889,
    0.9836111111111111,
    0.9862592592592593,
    0.9876296296296296
  ],
  "val_loss": [
    0.084178708811601,
    0.054479711085557936,
    0.045030970682700476,
    0.04179311106602351,
    0.036822583258152006
  ],
  "val_accuracy": [
    0.9741666666666666,
    0.9855,
    0.987,
    0.9886666666666667,
    0.9886666666666667
  ]
}