{
  "train_loss": [
    0.41033906103946544,
    0.16614867426730967,
    0.11897539801067776,
    0.09136077581290845,
    0.07662791800609342
  ],
  "train_accuracy": [
    0.8826666666666667,
    0.9500925925925926,
    0.9644444444444444,
    0.971574074074074,
    0.9761481481481481
  ],
  "val_loss": [
    0.18425293060143788,
    0.1284050785501798,
    0.1125422558883826,
    0.09547120639681816,
    0.08531766513983409
  ],
  "val_accuracy": [
    0.945,
    0.961,
    0.9668333333333333,
    0.972,
    0.9738333333333333
  ]
}